{
    "model": "",
    "ngpus": [1, 4, 8],
    "bs": [2, 4, 8, 16, 32, 64, 128],
    "metric_keys": ["images_per_second"],
    "metrics": {
        "1": {
            "2": {
                "images_per_second": 174.58768325581374
            },
            "4": {
                "images_per_second": 254.24180710755593
            },
            "8": {
                "images_per_second": 308.95847419165545
            },
            "16": {
                "images_per_second": 419.60746029488445
            },
            "32": {
                "images_per_second": 453.81433823995565
            },
            "64": {
                "images_per_second": 592.6385687558369
            },
            "128": {
                "images_per_second": 603.8453409148115
            }
        }
    }
}