{
    "model": "",
    "ngpus": [1, 4, 8],
    "bs": [2, 4, 8, 16, 32, 64, 128],
    "metric_keys": ["images_per_second"],
    "metrics": {
        "1": {
            "2": {
                "images_per_second": 191.25867003414876
            },
            "4": {
                "images_per_second": 340.9537905548054
            },
            "8": {
                "images_per_second": 517.2612062140391
            },
            "16": {
                "images_per_second": 711.5516679788083
            },
            "32": {
                "images_per_second": 812.9203401838566
            },
            "64": {
                "images_per_second": 951.7432815456556
            },
            "128": {
                "images_per_second": 876.1868813828711
            }
        }
    }
}