{
   "bs" : [
      2,
      4,
      8,
      16,
      32
   ],
   "metric_keys" : [
      "images_per_second"
   ],
   "metrics" : {
      "1" : {
         "16" : {
            "images_per_second" : 192.623916625977
         },
         "2" : {
            "images_per_second" : 48.7488899230957
         },
         "32" : {
            "images_per_second" : 204.250648498535
         },
         "4" : {
            "images_per_second" : 95.4697418212891
         },
         "8" : {
            "images_per_second" : 164.66495513916
         }
      },
      "4" : {
         "16" : {
            "images_per_second" : 701.366027832031
         },
         "2" : {
            "images_per_second" : 154.449935913086
         },
         "32" : {
            "images_per_second" : 771.171325683594
         },
         "4" : {
            "images_per_second" : 300.332641601562
         },
         "8" : {
            "images_per_second" : 550.924163818359
         }
      }
   },
   "ngpus" : [
      1,
      4
   ]
}
