{
    "model": "",
    "ngpus": [1, 4, 8],
    "bs": [2, 4, 8, 16, 32],
    "metric_keys": ["images_per_second"],
    "metrics": {
        "1": {
            "2": {
                "images_per_second": 48.635780334472656
            },
            "4": {
                "images_per_second": 66.06407419840494
            },
            "8": {
                "images_per_second": 83.91736857096353
            },
            "16": {
                "images_per_second": 102.67040761311848
            },
            "32": {
                "images_per_second": 110.02347819010416
            }
        },
        "4": {
            "2": {
                "images_per_second": 41.199180603027344
            },
            "4": {
                "images_per_second": 79.85076141357422
            },
            "8": {
                "images_per_second": 145.39981587727863
            },
            "16": {
                "images_per_second": 247.95855712890625
            },
            "32": {
                "images_per_second": 341.29132080078125
            }
        },
        "8": {
            "2": {
                "images_per_second": 63.07561111450195
            },
            "4": {
                "images_per_second": 123.25757344563802
            },
            "8": {
                "images_per_second": 237.3413340250651
            },
            "16": {
                "images_per_second": 376.59598795572913
            },
            "32": {
                "images_per_second": 507.9451497395833
            }
        }
    }
}