{
    "model": "",
    "ngpus": [1, 4, 8],
    "bs": [2, 4, 8, 16, 32, 64],
    "metric_keys": ["images_per_second"],
    "metrics": {
        "1": {
            "2": {
                "images_per_second": 40.71944999694824
            },
            "4": {
                "images_per_second": 68.22257804870605
            },
            "8": {
                "images_per_second": 121.42024612426758
            },
            "16": {
                "images_per_second": 159.56442260742188
            },
            "32": {
                "images_per_second": 185.69010543823242
            }
        },
        "4": {
            "2": {
                "images_per_second": 40.75998783111572
            },
            "4": {
                "images_per_second": 75.58991050720215
            },
            "8": {
                "images_per_second": 142.64888381958008
            },
            "16": {
                "images_per_second": 256.07005310058594
            },
            "32": {
                "images_per_second": 300.8989944458008
            }
        },
        "8": {
            "2": {
                "images_per_second": 61.28578186035156
            },
            "4": {
                "images_per_second": 119.46021270751953
            },
            "8": {
                "images_per_second": 231.7295379638672
            },
            "16": {
                "images_per_second": 430.5494079589844
            },
            "32": {
                "images_per_second": 454.2975769042969
            }
        }
    }
}