{
   "bs" : [
      2,
      4,
      8,
      16,
      32
   ],
   "metric_keys" : [
      "images_per_second"
   ],
   "metrics" : {
      "1" : {
         "16" : {
            "images_per_second" : 280.570005994299
         },
         "2" : {
            "images_per_second" : 147.914221468741
         },
         "32" : {
            "images_per_second" : 302.430594818483
         },
         "4" : {
            "images_per_second" : 201.622430560779
         },
         "8" : {
            "images_per_second" : 228.159516872363
         }
      }
   },
   "ngpus" : [
      1
   ]
}
