{"metric_keys": ["train.loss", "val.acc"], "metrics": {"train.loss": [9.887425426832973, 6.30290542835752, 5.566619733535567, 5.192713968618468, 4.943981836976963, 4.777146058311629, 4.682364774062644, 4.566371860462505, 4.479279315107254, 5, 4.398730874582149, 4.31779890601812, 4.293896813580043, 4.250142149529603, 4.219812418175577, 4.21572122303159, 4.187492328960302, 4.147948342119242, 4.134799897931028, 4.131298205737984, 4.071315974647822, 4.074750597299968, 4.0595350983882055, 4.042616275720722, 4.029284068070124, 4.02082926113012, 3.9983501902834298, 4.00984974094874, 3.9730074155799167, 5, 3.9646901324326294, 3.952598022061144, 3.944574903713043, 3.9182081201711596, 3.9252539055836775, 3.907297405092997, 3.8867245969813986, 3.87151758639573, 3.8793927009449254, 3.8687505586699107, 3.8750464156204956, 5, 3.8645522469516402, 3.504709825765618, 3.3920036476251862, 3.318732707260998, 5, 3.295415750237011, 3.2602547589347872, 5, 5, 5, 5, 3.199645553613854, 3.1623374312205086, 5, 3.147109237820821, 3.158245995575684, 3.1465386938319977, 3.1480963979746055, 3.151234711101482, 3.146022343739672, 3.1410668343956294, 3.142435818259893, 3.123337645718104], "val.acc": [0.01106397969239677, 0.04958324872172423, 0.07470961174804201, 0.08412781056028416, 0.1052591997157941, 0.11592629309116805, 0.1275672396324061, 0.12472585915140484, 0.13138377072048255, 0.1262696666605193, 0.13354663690485083, 0.14424123617821044, 0.14059169419863984, 0.14768715602101368, 0.15450788443085858, 0.14792122925940135, 0.1508861356435794, 0.157419558440425, 0.15279118544884585, 0.16075469826863828, 0.14747077091644412, 0.16340857637480236, 0.14427366437395484, 0.15709914018423293, 0.16324391683493303, 0.16440443232887508, 0.16479726175439752, 0.17508843799046686, 0.16142292492169025, 0.1643848499786872, 0.16912610131976924, 0.16376330941842296, 0.16894551721633602, 0.17771765128166106, 0.1749561896689298, 0.1695538322677119, 0.16778561571905298, 0.16380194923909086, 0.16994188486879763, 0.1716953661397215, 0.17755697810460197, 0.17187995479426885, 0.1742018462295355, 0.23426649845846764, 0.23613136034024038, 0.24175797706337981, 0.2425279583355936, 0.24352550398110506, 0.24411115979837528, 0.24656561042490024, 0.24383524308920906, 0.24686666489675338, 0.24814559219197632, 0.24840393696219026, 0.251965847689631, 0.25254138256097747, 0.2523565615073023, 0.2529904738785998, 0.253555154014026, 0.2530651493203877, 0.25358174010109197, 0.2537683728256746, 0.2539384684886946, 0.2540280117408162, 0.2534652864501853]}, "bs": [32], "model": "", "ngpus": [8]}