{"metric_keys": ["train.loss", "val.acc"], "metrics": {"train.loss": [8.812795396454991, 5.914838795058071, 6, 5.092440919584583, 4.887887316499735, 4.744666463422983, 4.694560192557922, 4.567333741479565, 4.492525351620137, 6, 4.408311570055099, 4.334232046614567, 6, 4.263646488106407, 4.2514614595596445, 4.2171871953656055, 4.206751160226014, 4.1795772798196715, 4.156515416099515, 6, 4.108870625495911, 4.0985876759066855, 4.075221928967139, 4.080158276849438, 6, 4.033980131669857, 4.037739227952915, 6, 3.99941903534935, 6, 3.9875937877263565, 3.971811039999583, 3.980771179282509, 3.953947089124455, 3.9305202960968018, 3.9366443781873546, 3.9252991879350754, 3.8827156307395367, 3.9388060424005102, 3.88922161618695, 3.8874285418914396, 6, 3.8936942113018453, 3.537499847891029, 3.4058184228089177, 6, 6, 3.3219671837627627, 3.295458280363458, 3.262115957955606, 6, 6, 6, 3.2190717260910433, 3.213117691627236, 3.1739242191397987, 3.1791626058811704, 3.2088054501854177, 3.1719801842385507, 3.187761370792139, 3.1809213312432236, 3.1823803410259397, 3.1752594631311677, 3.1709555600928425, 3.1823559530957817], "val.acc": [0.025120322205631106, 0.06065902615325462, 0.08224594352985645, 0.09868630608427395, 0.11402055039858493, 0.11779455253460233, 0.1232203941357061, 0.13708232144631768, 0.13614397127135028, 0.13289094380937685, 0.14004009449749777, 0.1369843423424096, 0.13877603069457692, 0.15418866425831707, 0.1500001994042602, 0.1542573219664272, 0.14771151227315413, 0.15896497766306272, 0.1600724682809656, 0.15881491661088476, 0.16213217020726906, 0.16466781280171408, 0.15738430149539484, 0.16634155547369375, 0.1623110334880526, 0.16394517553182106, 0.1494171026560053, 0.16762167601953265, 0.16063595691096758, 0.16982898253523193, 0.17321918229909394, 0.17242960413896102, 0.1625123530546557, 0.18330429802960516, 0.16333127233412115, 0.17973452067250242, 0.16699022570278652, 0.17183956548028687, 0.17168756775917593, 0.17547718325478198, 0.1750019046551496, 0.18416070771679066, 0.1711460087987496, 0.231325087097653, 0.23716038401167305, 0.23886896590018106, 0.2403412383214709, 0.24380227870861898, 0.24383605475007317, 0.2449733300818802, 0.24508423152154857, 0.24252172333110344, 0.24566254540226004, 0.24661345705692578, 0.25123807624083877, 0.25184439401895475, 0.2519010236397111, 0.25191664071239706, 0.2522156441636805, 0.25215053241008767, 0.2525434296889651, 0.2524917808636186, 0.2527410425201369, 0.2534121449798447, 0.25279479287831214]}, "bs": [64], "model": "", "ngpus": [8]}