{
   "bs" : [
      32
   ],
   "metrics" : {
      "train.loss" : [
         8.79916159380589
      ],
      "val.acc" : [
         0.0238952010105531
      ]
   },
   "metric_keys" : [
      "train.loss",
      "val.acc"
   ],
   "ngpus" : [
      8
   ]
}
