{
   "metrics" : {
      "val.acc" : [
         0.0100971670737651
      ],
      "train.loss" : [
         9.85026645043801
      ]
   },
   "ngpus" : [
      8
   ],
   "metric_keys" : [
      "train.loss",
      "val.acc"
   ],
   "bs" : [
      64
   ]
}
