{
    "tile_size": 1,
    "data": [
        [
            1410.9199403623961,
            6592.210995424718,
            11378.469324613514,
            11176.257494813857,
            11427.429719843582,
            11343.8523361755,
            11500.549368584736,
            11473.296789092386,
            11777.563811683074,
            11175.626408927752
        ],
        [
            1377.0709200784738,
            6312.879234778325,
            11146.758138524869,
            10829.885412554377,
            10516.760050896795,
            10768.803462097843,
            10710.47597309036,
            10990.489378323658,
            11099.654428701824,
            11005.936891446237
        ],
        [
            1398.3800688415447,
            6392.868514891429,
            11253.02989393969,
            11167.665655685376,
            10889.074503585669,
            11429.24610054821,
            11285.691144821772,
            11324.674209651994,
            11182.01200983803,
            10978.946261641217
        ],
        [
            1370.6431198529203,
            6306.370335984711,
            10503.463002149037,
            11237.237324679028,
            11307.031404143836,
            11320.469376686391,
            10643.860774738228,
            10965.12997026905,
            10660.386977555107,
            10717.40613525877
        ],
        [
            1379.96939612777,
            6529.90281346385,
            11310.266581732543,
            10856.525344432,
            11064.77705629098,
            11298.324824070034,
            11110.509962914672,
            10860.423889183732,
            11210.203728685643,
            11274.785733367418
        ],
        [
            1384.7544777045916,
            6575.230297604586,
            11297.535818206292,
            11450.34987476652,
            11627.289280940735,
            11477.724152621331,
            11414.932590535933,
            11462.472203111236,
            11681.570561483068,
            11621.212772330668
        ],
        [
            1370.0449264280721,
            6443.60398440623,
            10992.66590070566,
            11001.703168047103,
            11017.685423823692,
            10877.526046687219,
            11031.499721958347,
            10894.653295176284,
            10971.107370435948,
            10842.53982803981
        ],
        [
            1392.5895846907365,
            6414.52175621852,
            10824.681598113062,
            10901.870774199628,
            10589.47050615278,
            10806.594670872144,
            10892.466188334756,
            10688.557002956612,
            10837.233815086556,
            10621.372029048884
        ],
        [
            1373.3124672620304,
            6460.960199160971,
            11201.131547096376,
            11231.711256944342,
            11149.364659692681,
            10982.948215069648,
            11290.282131462256,
            11302.48625926441,
            11265.730083228495,
            11330.586467346415
        ],
        [
            1375.9056300060254,
            6586.267923552604,
            11690.341916081348,
            11683.227867575371,
            11782.360425789378,
            11205.654889807985,
            11780.85406464074,
            11713.622455697738,
            11709.446437462968,
            11657.310189801607
        ],
        [
            1387.3891830160935,
            6372.303123497436,
            10391.592226323974,
            10620.264572470536,
            10519.673004681194,
            10406.32776326006,
            10872.18488850913,
            10572.127829894907,
            10741.72293862468,
            10810.581720259583
        ],
        [
            1371.6243353975299,
            6548.2458177573135,
            11140.0635042395,
            10923.090029619221,
            10489.15739283862,
            10815.449836190493,
            11418.271225092252,
            10843.184089819528,
            11602.844273048966,
            11333.978399317752
        ],
        [
            1377.1849872525809,
            6476.088768105553,
            10879.458088197283,
            10756.214909912656,
            10828.796282335385,
            10389.97586028782,
            11231.945001240532,
            11067.267063725474,
            11106.537034465598,
            10714.32933727643
        ],
        [
            1438.2349811356692,
            6631.894078265642,
            11139.880813030952,
            10898.30169538493,
            11106.801586754063,
            11161.498249148533,
            11304.537587041652,
            11203.09963202273,
            11175.732618640272,
            11140.891402888912
        ],
        [
            1384.3401199450766,
            6482.694474335602,
            10920.123476949408,
            11202.782432807044,
            11017.627907848831,
            10905.066207355863,
            10982.480519239856,
            10775.211611633813,
            10767.132753088621,
            10825.8220361558
        ],
        [
            1392.8672646018179,
            6598.7991506683575,
            11682.081907017198,
            11760.290259484054,
            11512.74098085094,
            11817.953788933211,
            11368.078602684283,
            11789.894562319148,
            11441.336762714609,
            11677.63757772795
        ]
    ]
}