{
    "tile_size": 1,
    "data": [
        [
            1742.153355137703,
            5433.405027931061,
            12545.079592123624,
            13091.599271092875,
            12623.81149585894,
            12841.028996277795,
            12819.351328370343,
            12978.817225448956,
            12818.48389514527,
            12882.091674614963
        ],
        [
            1727.1197471598155,
            5392.145181883567,
            13056.283978705285,
            12829.150475516555,
            12957.748437216225,
            12634.449166129236,
            12813.429055028711,
            12835.12934611931,
            12583.672886933118,
            12731.822812001852
        ],
        [
            1731.3105572512459,
            5370.958897034785,
            13090.95749679882,
            13096.047123663591,
            12983.424166643956,
            12872.530591089977,
            12421.687655313413,
            12859.155778931306,
            12859.388143313747,
            13022.354063774377
        ],
        [
            1753.6689694600682,
            5460.493530519562,
            12881.166179090184,
            12464.133963115662,
            12498.883875565176,
            12734.879510332277,
            12621.112635592244,
            12245.231902298046,
            12353.688335389972,
            12814.407310066983
        ],
        [
            1686.782951904075,
            5338.029427796203,
            12898.408870891397,
            12828.054552366651,
            12470.893104439845,
            12703.489277472248,
            12836.365521852964,
            12856.617120251487,
            12797.827299684574,
            12963.462126743987
        ],
        [
            1755.195140849938,
            5471.602652673283,
            12752.479110953931,
            12704.666623373465,
            12641.50741213769,
            12675.091247833703,
            12546.94363842541,
            12820.872470628114,
            12807.40675968785,
            12791.335680964596
        ],
        [
            1730.5622544561736,
            5397.702905352556,
            12881.691110573109,
            12905.196829723152,
            12886.202596596653,
            13033.099668494611,
            13037.964717646953,
            12525.446303065537,
            12655.852610896212,
            12825.822295262024
        ],
        [
            1745.7562880319383,
            5391.752030883868,
            12271.829213704583,
            12906.492776303687,
            12899.536024341895,
            12523.343180933427,
            12573.260770129984,
            12889.467284053902,
            12542.109029595136,
            12077.340244541709
        ],
        [
            1671.4697012909755,
            5344.5795813836285,
            12848.149204191106,
            12300.052224139565,
            12693.195453693956,
            12791.812966416772,
            12651.736182321318,
            12518.902705047985,
            12691.42482005654,
            12615.557447269372
        ],
        [
            1772.0494330005477,
            5447.694910584716,
            12658.28221693788,
            12738.499056220468,
            12557.171316196009,
            12461.886264366558,
            12410.9370692388,
            12816.441004013046,
            12686.154570533445,
            12641.235924788722
        ],
        [
            1731.7995417906038,
            5395.995924129617,
            12774.57221233593,
            12874.619132147947,
            12923.460860615423,
            12740.191536764363,
            12709.739284878955,
            12987.42445586855,
            12994.23468777119,
            12741.679465027128
        ],
        [
            1759.3296576596392,
            5406.542450960455,
            12711.053130451286,
            12560.509503366638,
            12879.32236995473,
            12990.374902765963,
            12796.538066916975,
            12684.993015202515,
            12781.714646288063,
            12688.197429755231
        ],
        [
            1675.889078594051,
            5411.500570393394,
            12974.601326040956,
            12855.167551721614,
            12322.837962018777,
            12872.976787823536,
            12668.250598088378,
            12724.526145165877,
            12658.698990370774,
            12903.063903965864
        ],
        [
            1736.8199898350827,
            5449.231828362401,
            12904.49499311133,
            12872.611696801523,
            12963.706814259873,
            12937.993812952283,
            12762.429949525143,
            13001.319329523429,
            12457.27368887785,
            12869.184177776953
        ],
        [
            1755.8829387296933,
            5434.537002237413,
            12835.152413775235,
            12615.450361249832,
            12527.037525708594,
            12790.317766716116,
            12595.653573439426,
            12715.09586460408,
            12513.107065938233,
            12527.258625650371
        ],
        [
            1723.1300297986245,
            5433.521361304154,
            12618.108722477979,
            12508.653099001694,
            12314.209365881705,
            13009.277347880548,
            12683.68255761287,
            12908.826920829797,
            12400.228511883262,
            12831.980674872086
        ]
    ]
}