{
    "tile_size": 1,
    "data": [
        [
            1270.5387905956948
        ],
        [
            1307.3139155053611
        ],
        [
            1229.5132709288894
        ],
        [
            1261.327144362751
        ],
        [
            1221.782684937123
        ],
        [
            1206.5039337302387
        ],
        [
            1241.7206352214828
        ],
        [
            1252.6698440747148
        ],
        [
            1284.5786752799652
        ],
        [
            1197.0142814134754
        ],
        [
            1202.5166182098058
        ],
        [
            1234.737840725167
        ],
        [
            1221.4297115118309
        ],
        [
            1227.1184946223243
        ],
        [
            1283.010536333356
        ],
        [
            1276.6254667730086
        ]
    ]
}