{
    "tile_size": 1,
    "data": [
        [
            627.5853530805359
        ],
        [
            627.8695547917199
        ],
        [
            628.2794718709208
        ],
        [
            628.3408499629938
        ],
        [
            621.8620408465844
        ],
        [
            621.0130399478887
        ],
        [
            622.9296519728141
        ],
        [
            661.2532501237155
        ],
        [
            659.2873270794236
        ],
        [
            638.0585435800931
        ],
        [
            656.5665006525508
        ],
        [
            659.2652582603755
        ],
        [
            660.3588223852267
        ],
        [
            627.766630878877
        ],
        [
            656.9849460253566
        ],
        [
            653.1532588618933
        ]
    ]
}