{
    "tile_size": 1, 
    "data": [
        [
            143.0475417750904
        ], 
        [
            147.9291981016412
        ], 
        [
            141.6248835363719
        ], 
        [
            148.02207719223807
        ], 
        [
            143.3994500601272
        ], 
        [
            141.20166301780398
        ], 
        [
            146.98921970458466
        ], 
        [
            140.97846036961664
        ], 
        [
            143.41608614094423
        ], 
        [
            148.4155148183509
        ], 
        [
            135.69108386533375
        ], 
        [
            142.2399049205868
        ], 
        [
            141.98366206044957
        ], 
        [
            134.3879636863569
        ], 
        [
            140.92088224734218
        ], 
        [
            150.70631583891847
        ]
    ]
}