{
    "tile_size": 1,
    "data": [
	[
	    156.32130205658873
	],
	[
	    153.5082393743664
	],
	[
	    148.03801851923782
	],
	[
	    147.82735573646224
	],
	[
	    146.59112327972724
	],
	[
	    146.4482421373458
	],
	[
	    148.1966524662319
	],
	[
	    138.57728431172202
	],
	[
	    144.63969615432546
	],
	[
	    147.47893385206478
	],
	[
	    147.17203134651092
	],
	[
	    145.3716634687803
	],
	[
	    147.76659570898653
	],
	[
	    146.87543767659457
	],
	[
	    144.7694707076492
	],
	[
	    149.28628427885107
	]
    ]
}
