{
    "tile_size": 1, 
    "data": [
        [
            125.38044683286893
        ], 
        [
            128.24138814025318
        ], 
        [
            126.866119713706
        ], 
        [
            133.83275604143108
        ], 
        [
            133.94495963167452
        ], 
        [
            132.84526995335193
        ], 
        [
            135.2319484735803
        ], 
        [
            134.3856013911537
        ], 
        [
            125.46868940692005
        ], 
        [
            124.8138831163142
        ], 
        [
            131.34636485724783
        ], 
        [
            130.16231582112147
        ], 
        [
            119.55313151255125
        ], 
        [
            135.3758077789893
        ], 
        [
            126.6426476176993
        ], 
        [
            120.36626154571913
        ]
    ]
}