{
    "tile_size": 1,
    "data": [
	[
	    154.41273007341937
	],
	[
	    158.97175291703633
	],
	[
	    157.04052563734044
	],
	[
	    157.35964716909896
	],
	[
	    156.9346981318652
	],
	[
	    154.19344470645078
	],
	[
	    155.4809087959932
	],
	[
	    145.17162616894313
	],
	[
	    157.13400495709718
	],
	[
	    155.35944962010868
	],
	[
	    160.02194983206974
	],
	[
	    158.39478637417548
	],
	[
	    160.07468503960857
	],
	[
	    158.48446710250104
	],
	[
	    156.47873377373216
	],
	[
	    149.23021849805085
	]
    ]
}
