{
    "tile_size": 1,
    "data": [
        [
            530445.7098765369
        ],
        [
            526788.5820829802
        ],
        [
            525912.4961827997
        ],
        [
            529640.4427058147
        ],
        [
            530117.9447442542
        ],
        [
            528484.9069317767
        ],
        [
            525045.6979954068
        ],
        [
            528665.3795279989
        ],
        [
            529362.8372248268
        ],
        [
            527595.9285032686
        ],
        [
            524539.8807859542
        ],
        [
            529211.047745775
        ],
        [
            528680.469386538
        ],
        [
            527996.6331838784
        ],
        [
            524006.9747305915
        ],
        [
            526654.3090756489
        ]
    ]
}