{
    "tile_size": 1, 
    "data": [
        [
            179378.01983133046
        ], 
        [
            179458.3974437905
        ], 
        [
            179103.0518539016
        ], 
        [
            179894.7949001784
        ], 
        [
            180122.50050659143
        ], 
        [
            179465.48100008434
        ], 
        [
            179834.17887765326
        ], 
        [
            181204.50135067131
        ], 
        [
            180288.48516773363
        ], 
        [
            180108.96224715945
        ], 
        [
            179852.20650655104
        ], 
        [
            179500.71281260118
        ], 
        [
            179787.2803835541
        ], 
        [
            179757.09082828218
        ], 
        [
            179340.4575271629
        ], 
        [
            179573.1689840711
        ]
    ]
}