{
    "tile_size": 1,
    "data": [
        [
            450808.4723536043,
            548464.3145988111,
            485492.25662957353,
            505288.9685683534,
            489278.98934582615,
            476165.86091005564,
            485429.72593810834,
            467579.8750255852,
            482409.107319579,
            482006.3718295812
        ],
        [
            489989.01453136967,
            554083.1176497197,
            491186.6972206922,
            494443.6340931955,
            480551.3327776511,
            491877.7832715917,
            491415.5018265163,
            504046.55163689726,
            472188.02425536764,
            500375.4553647531
        ],
        [
            406528.30406558,
            539673.4432919816,
            501910.54436314094,
            501088.301856688,
            486557.8124160792,
            505321.34659823164,
            499319.4422367537,
            497061.26241279935,
            497348.1104430941,
            493501.1480059221
        ],
        [
            469853.0889910542,
            524323.4314469313,
            530654.3866304535,
            488625.19793797337,
            490882.6603873631,
            464668.3104185379,
            493555.7752755493,
            492018.3508174169,
            479043.49202089035,
            515677.84189281025
        ],
        [
            463044.677146712,
            580070.3870820934,
            483659.41583146644,
            492609.4594582195,
            490267.2078701929,
            486860.44094827404,
            489843.54674759536,
            494890.7853078109,
            504291.7225462157,
            499289.2828570306
        ],
        [
            461159.7961575108,
            559521.2295510421,
            486756.6156397341,
            497134.38497931545,
            480436.7108698496,
            492171.6674555667,
            492114.63957672694,
            472263.65889439173,
            486906.5306688771,
            476260.3192603159
        ],
        [
            404907.7436147813,
            567022.4501604282,
            502043.5127541802,
            479238.6775601483,
            479941.6708310351,
            511870.52257444913,
            487447.70999497443,
            510838.49491867545,
            500951.7057515513,
            476405.2393311064
        ],
        [
            499489.90264337906,
            569523.0789356274,
            508416.2208170418,
            505478.58358179434,
            503043.605733556,
            507802.0003039679,
            504846.83016755263,
            503098.2259772544,
            504635.9931479551,
            499770.1280223554
        ],
        [
            479464.1010822487,
            551908.1282426076,
            498785.39208344877,
            481679.6632370947,
            472928.74856449774,
            477357.44642163685,
            502667.88754202885,
            469710.54825564503,
            468967.27650672884,
            503824.8666361935
        ],
        [
            420564.6491974516,
            553675.344831332,
            473227.0264056834,
            490844.96124758397,
            495202.29113922006,
            496261.7116588098,
            486607.55893070815,
            474023.0521306065,
            480514.5020445737,
            496286.16407130833
        ],
        [
            436064.8158895801,
            565059.5625576836,
            504248.67656654736,
            505289.4253613322,
            489751.5247169433,
            492506.09277013293,
            503932.61636297504,
            492146.36033389665,
            473558.7327036586,
            463486.9289613534
        ],
        [
            436070.2312846909,
            553066.5264700177,
            501099.9820866369,
            499612.78183368256,
            483249.5999725226,
            504126.3220389521,
            505875.73278925184,
            495618.3049811146,
            503423.5444431155,
            470903.5786867089
        ],
        [
            484827.45348799543,
            549403.854906134,
            520306.4761035931,
            478262.7170646785,
            485094.9301478193,
            511392.57362213446,
            474995.2716874318,
            468449.7891595376,
            467471.64071049355,
            466269.87376694806
        ],
        [
            422619.5046810937,
            558263.3734871908,
            486243.2112619707,
            499588.7651503031,
            506907.1438305263,
            482442.1675341883,
            515620.6712002372,
            481609.4243829734,
            495217.196640185,
            482147.42081159446
        ],
        [
            483528.2704343222,
            547088.4144113967,
            510811.5131538425,
            508056.007479777,
            508296.3947960467,
            517347.14954797,
            506449.50952562416,
            510429.9871935234,
            500513.5915391834,
            505792.6239781507
        ],
        [
            448776.09884273564,
            556459.441179406,
            502920.9488036319,
            496842.96146888804,
            483166.0002392728,
            491290.56964288454,
            485206.29855310684,
            501952.8462502388,
            498646.9526906102,
            503423.69972604734
        ]
    ]
}