{
    "tile_size": 1,
    "data": [
        [
            389484.276104799
        ],
        [
            386905.52100049716
        ],
        [
            386350.4258704607
        ],
        [
            385797.7822329347
        ],
        [
            385731.9642700353
        ],
        [
            386868.181259525
        ],
        [
            385030.31223145965
        ],
        [
            385120.0552724637
        ],
        [
            384647.4715182351
        ],
        [
            384859.8763602828
        ],
        [
            383396.1947881185
        ],
        [
            383548.7063184324
        ],
        [
            383894.4769483628
        ],
        [
            384631.10399442876
        ],
        [
            383091.81828159024
        ],
        [
            382648.36886780517
        ]
    ]
}