{
    "tile_size": 1,
    "data": [
        [
            387117.68253079633
        ],
        [
            388254.60521678196
        ],
        [
            387769.3731422964
        ],
        [
            387626.92264836177
        ],
        [
            387764.00942685216
        ],
        [
            388811.8737295718
        ],
        [
            387402.3737068188
        ],
        [
            386434.9185071264
        ],
        [
            387193.98323310376
        ],
        [
            383685.05212756473
        ],
        [
            386266.54555610917
        ],
        [
            385730.02773281094
        ],
        [
            386903.68090239697
        ],
        [
            384495.75982049556
        ],
        [
            386233.4638549372
        ],
        [
            385443.77769272105
        ]
    ]
}