{
    "tile_size": 1,
    "data": [
        [
            665198.8051152608
        ],
        [
            662277.3433195193
        ],
        [
            663515.9041375604
        ],
        [
            662376.7317498851
        ],
        [
            660342.5855248655
        ],
        [
            659077.9297649825
        ],
        [
            661307.1263214186
        ],
        [
            661008.0112263099
        ],
        [
            658886.0750064555
        ],
        [
            660052.0600820153
        ],
        [
            657752.9291661396
        ],
        [
            659995.6759915572
        ],
        [
            657938.2294722485
        ],
        [
            660015.4670750159
        ],
        [
            659236.6894952275
        ],
        [
            659952.8431220766
        ]
    ]
}