{
    "tile_size": 1, 
    "data": [
        [
            161426.67385316774
        ], 
        [
            161381.56850481062
        ], 
        [
            160901.80286249134
        ], 
        [
            161143.4325565829
        ], 
        [
            161132.06308848894
        ], 
        [
            161297.82475875868
        ], 
        [
            161141.40600287827
        ], 
        [
            162200.1966292423
        ], 
        [
            161996.3191184665
        ], 
        [
            161712.21048880566
        ], 
        [
            161436.15319163015
        ], 
        [
            162212.76796413487
        ], 
        [
            161489.89835857856
        ], 
        [
            161447.89162307887
        ], 
        [
            161336.93072379363
        ], 
        [
            161405.9976994371
        ]
    ]
}