{
    "tile_size": 1,
    "data": [
        [
            204407.62418847706,
            252243.25790448792,
            257960.837148728,
            256332.45303839847,
            254760.36231538566,
            252557.0943414115,
            253466.14362909386,
            253261.61125597186,
            256121.00067463983,
            256630.7255753591
        ],
        [
            207005.38567345284,
            251846.03480768594,
            251408.85571079553,
            252924.82642751568,
            251857.16780988735,
            250976.68445781592,
            252051.85593256564,
            260461.65128467747,
            255417.77319165753,
            256233.23356990566
        ],
        [
            199829.3380204706,
            253705.75214700573,
            251595.70999890196,
            251177.3259894775,
            249612.02591660907,
            251735.35664546274,
            254144.85033719795,
            253458.6816123686,
            253807.47837121977,
            257124.94660286
        ],
        [
            211098.00398735728,
            257602.5266693426,
            252623.76682225734,
            255063.08695792,
            261262.76154269712,
            263574.6909596458,
            262880.7437561091,
            258642.88329156753,
            261861.38071498816,
            256962.71641332968
        ],
        [
            188065.91344758237,
            256232.5985894114,
            249359.73368651056,
            250975.05994469693,
            256436.34569008765,
            254675.55764527112,
            258283.39535286493,
            257524.64522779285,
            245844.90769003442,
            254279.66777501596
        ],
        [
            207640.7618903266,
            251696.15627132964,
            254692.27705646137,
            250029.708158917,
            248669.16195302358,
            252856.72465069278,
            244103.55904751865,
            251146.57262780573,
            248924.95868487417,
            251477.62345111844
        ],
        [
            211105.09041521978,
            251866.0037215675,
            253193.06317826078,
            247713.10364899167,
            255317.43443357814,
            250238.1131427232,
            251143.00744233985,
            256212.24638794348,
            249413.00732068522,
            252663.35425888447
        ],
        [
            210274.17357948667,
            254457.03185531893,
            255729.09213830647,
            258360.52821130585,
            255006.2327678993,
            253980.02649654806,
            248435.25096976137,
            249532.46483426853,
            253811.1103771882,
            254076.867018603
        ],
        [
            209561.02970340315,
            251813.23831202448,
            250887.99726325774,
            256683.68701260298,
            255283.7120829285,
            253592.85170741798,
            253579.83568779574,
            252529.72859196752,
            247829.05765562298,
            247264.66490132775
        ],
        [
            211323.10765866257,
            251343.87436799824,
            249093.7257847246,
            255493.79608658588,
            256421.9542989267,
            257070.4836232677,
            256040.41791372647,
            247952.50928340197,
            256216.51189891665,
            254749.8452356861
        ],
        [
            208595.74141101164,
            252861.38913638395,
            253886.1427786571,
            253879.2547527004,
            256207.18000450058,
            247615.17378772065,
            252967.20084197694,
            251690.1913437617,
            254108.07395083824,
            241843.35447055966
        ],
        [
            199354.12952861158,
            255885.37255039962,
            250855.49938687187,
            252407.63432243402,
            258050.8989412205,
            258486.7851314942,
            247795.44995182578,
            249744.19985198774,
            259693.7160479334,
            257687.03571289984
        ],
        [
            205174.84648865354,
            252201.2775476793,
            252660.9943950871,
            250468.1969583316,
            257059.14691102345,
            252440.00908486525,
            260091.5393541456,
            251670.0718207443,
            253478.692283141,
            251747.10188567522
        ],
        [
            214810.317197071,
            254042.0475223328,
            261273.35215378884,
            258430.02131372335,
            258580.29942025148,
            259944.3940310099,
            260247.59941144023,
            258101.84564202244,
            259211.26848129832,
            258709.80803757513
        ],
        [
            211450.48116576322,
            261496.601765642,
            255657.14798683036,
            256291.18839688637,
            249973.296795641,
            256552.00181191834,
            262328.6222415584,
            248624.32989588872,
            260787.04343867602,
            256669.2505417179
        ],
        [
            216937.1887218068,
            262207.27352501405,
            259334.68378828326,
            254041.91652410102,
            247678.99268747805,
            247950.588948749,
            254407.06089745075,
            261891.75311106883,
            254725.59695904973,
            257378.87686559657
        ]
    ]
}